{
  "IsEncrypted": false,
  "Values": {
    "AzureWebJobsStorage": "DefaultEndpointsProtocol=https;AccountName=clinicaldatabase;AccountKey=AG8tZ4nvtwKJtmnaQGg0Qa14s1nJ4yDWGK1SVAKt9siQMW0+wsEG8+lf5/jdsqH2yEgbJqkK13IavzGHphDHNA==;EndpointSuffix=core.windows.net",
    "FUNCTIONS_WORKER_RUNTIME": "dotnet",
    "AzureEventHubConnectionString": "Endpoint=sb://ihsuprodlnres017dednamespace.servicebus.windows.net/;SharedAccessKeyName=iothubowner;SharedAccessKey=DMlNZRGACkn/CklaY1JxD1OeIE2aFfCzyHrtojUQP1Q=;EntityPath=iothub-ehub-telemedici-18903691-5af4241f1e",
    "cosmosDBConnectionString": "AccountEndpoint=https://myclinicaliotcosmosdb.documents.azure.com:443/;AccountKey=tjT1rpAz8DncsODrQbyUnPmm5QPMR2n8CfSV8QWcJwypoZUeYGSqnTtWsDqCh2WC1Nrw21FhRtWEMjCpN9TM4Q==;"

    


  }
}
